School Name,School Code,High School Graduates (#),Attending Coll./Univ. (#),Attending Coll./Univ. (%),Private Two-Year (%),Private Four-Year (%),Public Two-Year (%),Public Four-Year (%),MA Community College (%),MA State University (%),Univ.of Mass. (%)
Abby Kelley Foster Charter Public (District) - Abby Kelley Foster Charter Public School,04450105,76,63,82.9,0,27,30.2,42.9,30.2,22.2,11.1
Abington - Abington High,00010505,124,94,75.8,1.1,22.3,30.9,45.7,30.9,19.1,9.6
Academy Of the Pacific Rim Charter Public - Academy Of the Pacific Rim Charter Public School,04120530,42,39,92.9,0,56.4,20.5,23.1,20.5,20.5,2.6
Acton-Boxborough - Acton-Boxborough Regional High,06000505,472,420,89,0.2,52.1,6.4,41.2,6,3.1,13.8
Adams-Cheshire - Hoosac Valley Middle & High School,06030505,79,65,82.3,0,26.2,43.1,30.8,41.5,20,4.6
Advanced Math and Science Academy Charter (District) - Advanced Math and Science Academy Charter School,04300305,128,115,89.8,0,53.9,7,39.1,7,7.8,13
Agawam - Agawam High,00050505,288,235,81.6,0,34.5,34,31.5,33.2,15.7,8.5
Amesbury - Amesbury High,00070505,124,90,72.6,0,24.4,35.6,40,35.6,6.7,15.6
Amesbury Academy Charter Public (District) - Amesbury Academy Charter Public School,04150505,13,,,,,,,,,
Amherst-Pelham - Amherst Regional High,06050505,246,206,83.7,0.5,46.6,27.7,25.2,26.7,2.4,14.6
Andover - Andover High,00090505,413,369,89.3,0,56.4,7.6,36,7.3,3.5,13.8
Arlington - Arlington High,00100505,306,260,85,0,53.5,9.6,36.9,8.5,4.6,19.6
Ashburnham-Westminster - Oakmont Regional High School,06100505,164,144,87.8,0,26.4,18.1,55.6,18.1,32.6,13.9
Ashland - Ashland High,00140505,162,142,87.7,0,34.5,9.9,55.6,9.9,17.6,17.6
Assabet Valley Regional Vocational Technical - Assabet Valley Vocational High School,08010605,237,122,51.5,0.8,31.1,40.2,27.9,36.9,19.7,1.6
Athol-Royalston - Athol High,06150505,71,42,59.2,0,28.6,35.7,35.7,31,21.4,7.1
Attleboro - Attleboro Community Academy,00160515,32,7,21.9,0,0,100,0,100,0,0
Attleboro - Attleboro High,00160505,358,266,74.3,0,35.3,31.6,33.1,29.3,14.7,11.3
Auburn - Auburn Senior High,00170505,158,125,79.1,0,33.6,18.4,48,17.6,24.8,14.4
Avon - Avon Middle High School,00180510,41,36,87.8,0,19.4,30.6,50,30.6,22.2,27.8
Ayer Shirley School District - Ayer Shirley Regional High School,06160505,58,39,67.2,0,12.8,48.7,38.5,48.7,17.9,17.9
Barnstable - Barnstable High,00200505,339,256,75.5,0,31.3,34.8,34,34.4,10.2,12.5
Bedford - Bedford High,00230505,224,205,91.5,0,42.4,17.6,40,15.1,6.3,13.2
Belchertown - Belchertown High,00240505,169,152,89.9,0,42.8,23.7,33.6,23,9.9,11.8
Bellingham - Bellingham High School,00250505,174,122,70.1,0,29.5,18,52.5,13.1,29.5,15.6
Bellingham - Primavera Junior/Senior High School,00250510,5,,,,,,,,,
Belmont - Belmont High,00260505,275,237,86.2,0,66.7,4.6,28.7,3.8,3.4,12.2
Berkshire Arts and Technology Charter Public - Berkshire Arts and Technology Charter Public School,04140305,19,14,73.7,0,7.1,64.3,28.6,64.3,14.3,0
Berkshire Hills - Monument Mt Regional High,06180505,127,104,81.9,0,49,22.1,28.8,20.2,10.6,7.7
Berlin-Boylston - Tahanto Regional High,06200505,58,48,82.8,0,31.3,6.3,62.5,6.3,25,8.3
Beverly - Beverly High,00300505,316,242,76.6,0.4,28.9,25.2,45.5,24,16.1,12.4
Billerica - Billerica Memorial High School,00310505,334,255,76.3,0,26.3,22.4,51.4,22.4,13.7,22.4
Blackstone Valley Regional Vocational Technical - Blackstone Valley,08050605,280,222,79.3,0,37.8,16.7,45.5,15.3,25.2,12.2
Blackstone-Millville - Blackstone Millville RHS,06220505,90,56,62.2,0,21.4,21.4,57.1,5.4,21.4,25
Blue Hills Regional Vocational Technical - Blue Hills Regional Vocational Technical,08060605,184,117,63.6,0,40.2,36.8,23.1,36.8,12.8,5.1
Boston - Another Course To College,00350541,43,35,81.4,0,42.9,25.7,31.4,25.7,11.4,17.1
Boston - Boston Adult Academy,00350548,89,29,32.6,6.9,20.7,62.1,10.3,62.1,0,6.9
Boston - Boston Arts Academy,00350546,81,63,77.8,1.6,46,19,33.3,19,12.7,9.5
Boston - Boston Community Leadership Academy,00350558,109,89,81.7,0,36,37.1,27,36,12.4,13.5
Boston - Boston International  High School,00350507,53,40,75.5,0,42.5,17.5,40,17.5,17.5,22.5
Boston - Boston Latin,00350560,356,335,94.1,0,59.7,1.5,38.8,1.5,2.7,28.1
Boston - Boston Latin Academy,00350545,264,243,92,0,43.2,7.4,49.4,7.4,9.1,37.9
Boston - Brighton High,00350505,198,131,66.2,0.8,17.6,48.9,32.8,47.3,9.2,22.1
Boston - Charlestown High,00350515,139,91,65.5,0,33,35.2,31.9,34.1,7.7,20.9
Boston - Community Academy,00350518,13,,,,,,,,,
Boston - Community Academy of Science and Health,00350581,74,39,52.7,0,10.3,69.2,20.5,66.7,2.6,15.4
Boston - Dorchester Academy,00350651,57,32,56.1,0,25,50,25,50,9.4,12.5
Boston - East Boston High,00350530,254,143,56.3,0,26.6,46.2,27.3,44.1,11.2,15.4
Boston - Excel High School,00350522,126,90,71.4,0,16.7,55.6,27.8,53.3,4.4,23.3
Boston - Fenway High School,00350540,77,58,75.3,1.7,37.9,17.2,43.1,15.5,17.2,20.7
Boston - Greater Egleston Community High School,00350543,33,17,51.5,0,29.4,52.9,17.6,52.9,0,17.6
Boston - Horace Mann School for the Deaf,00350750,1,,,,,,,,,
Boston - Jeremiah E Burke High,00350525,136,62,45.6,0,22.6,58.1,19.4,54.8,6.5,11.3
Boston - Lyon Upper 9-12,00350655,28,21,75,0,42.9,23.8,33.3,23.8,0,33.3
Boston - Madison Park High,00350537,208,97,46.6,1,26.8,55.7,16.5,55.7,2.1,14.4
Boston - New Mission High School,00350542,57,51,89.5,0,58.8,15.7,25.5,15.7,11.8,11.8
Boston - OBryant School Math/Science,00350575,253,224,88.5,0,39.3,14.3,46.4,14.3,9.4,34.4
Boston - Quincy Upper School,00350565,55,42,76.4,0,28.6,21.4,50,21.4,9.5,38.1
Boston - Snowden International School at Copley,00350690,65,49,75.4,2,16.3,49,32.7,46.9,14.3,16.3
Boston - TechBoston Academy,00350657,118,84,71.2,0,28.6,46.4,25,45.2,9.5,15.5
Boston - The English High,00350535,93,53,57,1.9,15.1,56.6,26.4,52.8,11.3,13.2
Boston - Urban Science Academy,00350579,88,50,56.8,0,26,54,20,52,8,10
Boston - West Roxbury Academy,00350658,124,78,62.9,1.3,19.2,50,29.5,46.2,12.8,16.7
Boston - William McKinley,00350363,28,6,21.4,0,0,100,0,100,0,0
Boston Collegiate Charter - Boston Collegiate Charter School,04490305,56,46,82.1,0,28.3,17.4,54.3,17.4,30.4,21.7
Boston Day and Evening Academy Charter - Boston Day and Evening Academy Charter School,04240505,60,32,53.3,0,25,53.1,21.9,53.1,3.1,18.8
Boston Green Academy Horace Mann Charter School - Boston Green Academy Horace Mann Charter School,04110305,63,47,74.6,0,44.7,31.9,23.4,31.9,12.8,10.6
Boston Preparatory Charter Public - Boston Preparatory Charter Public School,04160305,42,40,95.2,0,40,15,45,15,27.5,15
Bourne - Bourne High School,00360505,113,77,68.1,0,26,48.1,26,48.1,15.6,5.2
Braintree - Braintree High,00400505,388,337,86.9,0,37.7,13.6,48.7,13.4,18.7,18.7
Bridgewater-Raynham - Bridgewater-Raynham Regional,06250505,368,280,76.1,0,29.6,19.6,50.7,19.6,26.1,15.7
Bristol County Agricultural - Bristol County Agricultural High,09100705,97,70,72.2,0,30,28.6,41.4,28.6,15.7,10
Bristol-Plymouth Regional Vocational Technical - Bristol-Plymouth Vocational Technical,08100605,297,170,57.2,0.6,24.7,39.4,35.3,38.2,22.4,9.4
Brockton - B B Russell Alternative School,00440080,5,,,,,,,,,
Brockton - Brockton Champion High School,00440515,34,19,55.9,5.3,5.3,78.9,10.5,78.9,10.5,0
Brockton - Brockton High,00440505,897,682,76,0.7,19.1,49,31.2,48.4,13.9,15.1
Brockton - Edison Academy,00440520,137,55,40.1,3.6,1.8,89.1,5.5,87.3,3.6,1.8
Brockton - Goddard Alternative School,00440400,9,,,,,,,,,
Brookline - Brookline High,00460505,451,365,80.9,0,65.5,7.4,27.1,6.3,2.5,14.8
Burlington - Burlington High,00480505,254,218,85.8,0,45.4,18.8,35.8,17.9,9.2,15.6
Cambridge - Cambridge Rindge and Latin,00490506,433,349,80.6,0,53.9,18.1,28.1,17.5,3.7,18.3
Canton - Canton High,00500505,219,192,87.7,0,40.1,12.5,47.4,12.5,6.8,21.9
Cape Cod Regional Vocational Technical - Cape Cod Region Vocational Technical,08150605,123,50,40.7,0,20,54,26,52,14,4
Carver - Carver Middle/High School,00520405,94,71,75.5,0,26.8,38,35.2,38,18.3,9.9
Central Berkshire - Wahconah Regional High,06350505,147,126,85.7,0,17.5,42.1,40.5,42.1,19.8,13.5
Chelmsford - Chelmsford High,00560505,401,359,89.5,0,31.8,19.8,48.5,19.5,13.6,21.4
Chelsea - Chelsea High,00570505,238,169,71,0.6,22.5,49.1,27.8,47.9,5.9,20.7
Chicopee - Chicopee Academy,00610021,9,,,,,,,,,
Chicopee - Chicopee Comprehensive High School,00610510,299,203,67.9,0,18.2,67,14.8,63.5,5.9,4.9
Chicopee - Chicopee High,00610505,228,176,77.2,0,29,54.5,16.5,52.8,5.7,5.7
City on a Hill Charter Public School Circuit Street (District) - City on a Hill Charter Public School Circuit Street,04370505,45,41,91.1,0,58.5,14.6,26.8,14.6,7.3,19.5
Clinton - Clinton Senior High,00640505,100,74,74,0,20.3,33.8,45.9,31.1,29.7,13.5
Codman Academy Charter Public (District) - Codman Academy Charter Public School,04380505,27,22,81.5,0,36.4,22.7,40.9,22.7,9.1,27.3
Cohasset - Cohasset Middle/High School,00650505,84,78,92.9,0,48.7,5.1,46.2,5.1,1.3,15.4
Community Charter School of Cambridge - Community Charter School of Cambridge,04360305,52,46,88.5,0,39.1,21.7,39.1,21.7,8.7,28.3
Concord-Carlisle - Concord Carlisle High,06400505,292,262,89.7,0.4,65.3,5.7,28.6,4.2,1.9,9.9
Danvers - Danvers High,00710505,269,219,81.4,0,37.9,15.1,47,14.6,15.1,16
Dartmouth - Dartmouth High,00720505,253,204,80.6,0.5,26.5,25.5,47.5,25.5,10.8,20.1
Dedham - Dedham High,00730505,169,134,79.3,0,35.1,21.6,43.3,21.6,12.7,20.9
Dennis-Yarmouth - Dennis-Yarmouth Regional High,06450505,157,112,71.3,0,32.1,33.9,33.9,33,15.2,5.4
Dighton-Rehoboth - Dighton-Rehoboth Regional High School,06500505,209,165,78.9,0,26.7,24.2,49.1,21.2,18.2,23
Douglas - Douglas High School,00770505,101,80,79.2,0,45,18.8,36.3,17.5,16.3,15
Dover-Sherborn - Dover-Sherborn Regional High,06550505,149,135,90.6,0,77.8,2.2,20,1.5,1.5,3.7
Dracut - Dracut Senior High,00790505,229,194,84.7,0,24.2,36.1,39.7,35.6,13.4,18.6
Dudley-Charlton Reg - Shepherd Hill Regional High,06580505,243,187,77,0.5,33.7,19.8,46,18.7,19.8,16.6
Duxbury - Duxbury High,00820505,262,235,89.7,0,61.7,3,35.3,2.6,6.8,11.1
East Bridgewater - East Bridgewater JR./SR. High School,00830505,138,120,87,0.8,35,19.2,45,19.2,30,10
East Longmeadow - East Longmeadow High,00870505,201,181,90,0,35.9,30.4,33.7,27.1,14.4,10.5
Easthampton - Easthampton High,00860505,115,89,77.4,0,24.7,43.8,31.5,43.8,9,13.5
Easton - Oliver Ames High,00880505,284,257,90.5,0,45.5,14.4,40.1,13.6,11.7,8.9
Edward M. Kennedy Academy for Health Careers - Edward M. Kennedy Academy for Health Careers,04520505,88,72,81.8,0,19.4,36.1,44.4,36.1,16.7,26.4
Essex North Shore Agricultural and Technical School District - Essex Technical High School,08170505,230,151,65.7,0,27.8,33.1,39.1,30.5,17.2,10.6
Everett - Everett High,00930505,465,311,66.9,0,31.2,34.7,34.1,34.4,15.1,17.4
Fairhaven - Fairhaven High,00940505,165,129,78.2,0.8,20.9,24,54.3,23.3,24.8,20.2
Fall River - B M C Durfee High,00950505,420,278,66.2,0.4,14.7,61.5,23.4,60.4,7.9,11.9
Fall River - Resiliency Preparatory School,00950325,59,13,22,0,23.1,76.9,0,76.9,0,0
Falmouth - Falmouth High,00960505,196,151,77,0,39.1,28.5,32.5,27.2,12.6,6.6
Fitchburg - Fitchburg High,00970505,219,148,67.6,0,14.9,50.7,34.5,48,21.6,9.5
Fitchburg - Goodrich Academy,00970510,104,27,26,0,3.7,92.6,3.7,88.9,0,0
Four Rivers Charter Public - Four Rivers Charter Public School,04130505,35,25,71.4,0,36,36,28,36,8,4
Foxborough - Foxborough High,00990505,215,176,81.9,0,34.1,10.2,55.7,9.7,16.5,22.7
Foxborough Regional Charter - Foxborough Regional Charter School,04460550,64,56,87.5,0,35.7,12.5,51.8,12.5,17.9,23.2
Framingham - Framingham High School,01000515,457,336,73.5,0,33.3,22,44.6,21.7,15.5,15.8
Francis W. Parker Charter Essential - Francis W. Parker Charter Essential School,04780505,47,43,91.5,0,55.8,7,37.2,7,7,23.3
Franklin - Franklin High,01010505,388,349,89.9,0,46.7,5.7,47.6,4.9,10.6,17.5
Franklin County Regional Vocational Technical - Franklin County Technical,08180605,119,40,33.6,0,7.5,80,12.5,77.5,7.5,2.5
Freetown-Lakeville - Apponequet Regional High,06650505,200,173,86.5,0.6,26,28.3,45.1,26.6,16.8,21.4
Frontier - Frontier Regional,06700505,92,79,85.9,0,27.8,39.2,32.9,38,7.6,15.2
Gardner - Gardner Academy for Learning and Technology,01030515,28,8,28.6,0,0,100,0,100,0,0
Gardner - Gardner High,01030505,117,96,82.1,0,17.7,40.6,41.7,38.5,26,14.6
Gateway - Gateway Regional High,06720505,78,60,76.9,0,16.7,31.7,51.7,31.7,26.7,15
Georgetown - Georgetown High School,01050505,93,86,92.5,0,30.2,20.9,48.8,19.8,15.1,11.6
Gill-Montague - Turners Fall High,06740505,63,45,71.4,0,26.7,53.3,20,53.3,13.3,4.4
Global Learning Charter Public - Global Learning Charter Public School,04960305,33,29,87.9,0,20.7,48.3,31,48.3,6.9,20.7
Gloucester - Gloucester High,01070505,215,150,69.8,0,37.3,24.7,38,24.7,20,10.7
Grafton - Grafton High School,01100505,159,129,81.1,0,40.3,19.4,40.3,17.1,10.1,11.6
Granby - Granby Jr Sr High School,01110505,73,58,79.5,0,19,51.7,29.3,48.3,15.5,12.1
Greater Fall River Regional Vocational Technical - Diman Regional Vocational Technical High,08210605,337,187,55.5,2.1,13.9,63.6,20.3,62,4.8,15
Greater Lawrence Regional Vocational Technical - Gr Lawrence Regional Vocational Technical,08230605,304,171,56.3,0,13.5,76.6,9.9,76,4.1,4.7
Greater Lowell Regional Vocational Technical - Gr Lowell Regional Vocational Technical,08280605,492,258,52.4,0,13.2,70.5,16.3,68.6,10.5,5
Greater New Bedford Regional Vocational Technical - Gr New Bedford Vocational Technical,08250605,456,267,58.6,2.2,14.6,61,22.1,60.7,9,10.9
Greenfield - Greenfield High,01140505,85,63,74.1,0,14.3,68.3,17.5,68.3,3.2,11.1
Groton-Dunstable - Groton Dunstable Regional,06730505,224,201,89.7,0,44.3,14.4,41.3,12.4,7,17.9
Hadley - Hopkins Academy,01170505,41,35,85.4,0,57.1,17.1,25.7,14.3,5.7,17.1
Hamilton-Wenham - Hamilton-Wenham Regional High,06750505,159,142,89.3,0,54.2,2.8,43,2.8,9.9,12.7
Hampden Charter School of Science - Hampden Charter School of Science,04990305,42,40,95.2,0,22.5,57.5,20,55,5,15
Hampden-Wilbraham - Minnechaug Regional High,06800505,306,265,86.6,0,36.2,26.8,37,23.4,13.2,11.3
Hampshire - Hampshire Regional High,06830505,117,100,85.5,0,30,39,31,39,11,9
Hanover - Hanover High,01220505,191,166,86.9,0,38.6,11.4,50,11.4,19.9,16.9
Harvard - Bromfield,01250505,108,98,90.7,0,53.1,5.1,41.8,5.1,2,23.5
Hatfield - Smith Academy,01270505,41,32,78,0,46.9,31.3,21.9,31.3,9.4,9.4
Haverhill - Haverhill High,01280505,353,238,67.4,0,24.4,42,33.6,39.9,4.2,18.5
Hingham - Hingham High,01310505,280,246,87.9,0,63.8,2.8,33.3,2.8,4.5,8.1
Holbrook - Holbrook Jr Sr High,01330505,66,41,62.1,0,19.5,39,41.5,39,9.8,31.7
Holliston - Holliston High,01360505,172,153,89,0,47.1,8.5,44.4,8.5,9.8,15
Holyoke - Holyoke High,01370505,280,194,69.3,0,14.9,67,18,67,6.2,9.8
Holyoke - Wm J Dean Vocational Technical High,01370605,60,28,46.7,0,3.6,96.4,0,96.4,0,0
Hopedale - Hopedale Jr Sr High,01380505,85,73,85.9,0,46.6,8.2,45.2,5.5,11,17.8
Hopkinton - Hopkinton High,01390505,288,259,89.9,0,41.3,6.9,51.7,5.8,7.7,19.7
Hudson - Hudson High,01410505,171,150,87.7,0,40.7,14.7,44.7,13.3,16.7,18
Hull - Hull High,01420505,86,66,76.7,0,27.3,18.2,54.5,15.2,27.3,19.7
Innovation Academy Charter - Innovation Academy Charter School,04350305,65,59,90.8,0,49.2,20.3,30.5,20.3,8.5,15.3
Ipswich - Ipswich High,01440505,146,118,80.8,0,39.8,14.4,45.8,13.6,12.7,17.8
KIPP Academy Lynn Charter - KIPP Academy Lynn Charter School,04290010,74,59,79.7,0,44.1,16.9,39,16.9,18.6,16.9
King Philip - King Philip Regional High,06900505,269,235,87.4,0,42.1,14.9,43,13.6,12.8,13.2
Lawrence - Business Management & Finance High School,01490530,107,70,65.4,0,8.6,77.1,14.3,77.1,4.3,5.7
Lawrence - Health & Human Services High School,01490531,116,92,79.3,0,6.5,84.8,8.7,84.8,2.2,4.3
Lawrence - High School Learning Center,01490536,77,24,31.2,0,4.2,91.7,4.2,83.3,0,0
Lawrence - Humanities & Leadership Development High School,01490532,113,83,73.5,0,15.7,69.9,14.5,66.3,9.6,4.8
Lawrence - International High School,01490534,48,31,64.6,0,0,100,0,100,0,0
"Lawrence - Math, Science & Technology High School",01490533,111,80,72.1,0,7.5,72.5,20,72.5,6.3,12.5
Lawrence - Performing & Fine Arts High School,01490535,115,80,69.6,0,6.3,81.3,12.5,81.3,5,6.3
Lawrence - Phoenix Academy Lawrence,01490540,12,,,,,,,,,
Lawrence - School for Exceptional Studies,01490537,8,,,,,,,,,
Lee - Lee Middle/High School,01500505,51,36,70.6,0,16.7,30.6,52.8,30.6,25,11.1
Leicester - Leicester High,01510505,101,82,81.2,0,28,26.8,45.1,26.8,22,19.5
Lenox - Lenox Memorial High,01520505,64,59,92.2,0,32.2,37.3,30.5,32.2,6.8,15.3
Leominster - Center For Technical Education Innovation,01530605,106,55,51.9,0,18.2,21.8,60,21.8,43.6,12.7
Leominster - Leominster High School,01530505,288,217,75.3,0,15.7,33.6,50.7,33.6,25.3,14.3
Lexington - Lexington High,01550505,482,406,84.2,0,61.3,6.2,32.5,5.7,2.5,13.5
Lincoln-Sudbury - Lincoln-Sudbury Regional High,06950505,384,332,86.5,0,63.9,4.8,31.3,4.2,2.7,9.3
Littleton - Littleton High School,01580505,101,88,87.1,0,38.6,8,53.4,5.7,14.8,19.3
Longmeadow - Longmeadow High,01590505,246,227,92.3,0,44.9,15.4,39.6,15,8.8,10.6
Lowell - Leblanc Therapeutic Day School,01600320,8,,,,,,,,,
Lowell - Lowell High,01600505,575,448,77.9,0,14.3,48.4,37.3,47.5,9.6,24.3
Lowell Middlesex Academy Charter - Lowell Middlesex Academy Charter School,04580505,26,13,50,0,15.4,84.6,0,84.6,0,0
Ludlow - Ludlow Senior High,01610505,190,152,80,0,36.2,42.1,21.7,42.1,5.9,12.5
Lunenburg - Lunenburg High,01620505,102,89,87.3,0,25.8,13.5,60.7,13.5,24.7,19.1
Lynn - Classical High,01630505,281,178,63.3,0,16.3,52.8,30.9,50,14,11.8
Lynn - Fecteau-Leary Junior/Senior High School,01630525,19,2,10.5,0,0,100,0,100,0,0
Lynn - Lynn English High,01630510,325,215,66.2,0,20.5,50.7,28.8,47.9,13.5,11.2
Lynn - Lynn Vocational Technical Institute,01630605,120,54,45,0,14.8,77.8,7.4,75.9,3.7,3.7
Lynnfield - Lynnfield High,01640505,152,133,87.5,0,54.1,12.8,33.1,12.8,6.8,15.8
MATCH Charter Public School (District) - MATCH Charter Public School,04690505,43,39,90.7,0,28.2,23.1,48.7,23.1,20.5,28.2
Ma Academy for Math and Science - Ma Academy for Math and Science School,04680505,46,43,93.5,0,60.5,0,39.5,0,0,30.2
Malden - Malden High,01650505,427,327,76.6,0,26.9,38.2,34.9,37.3,9.5,22.9
Manchester Essex Regional - Manchester Essex Regional High School,06980510,112,100,89.3,0,55,9,36,9,7,7
Mansfield - Mansfield High,01670505,320,285,89.1,0,38.6,10.5,50.9,10.5,18.2,13.7
Marblehead - Marblehead High,01680505,233,208,89.3,0,56.3,3.8,39.9,2.4,8.2,7.7
Marlborough - Marlborough High,01700505,246,189,76.8,0,41.8,21.2,37,20.6,12.7,18
Marshfield - Marshfield High,01710505,302,263,87.1,0,35.7,11.8,52.5,11.8,17.9,15.6
Martha's Vineyard - Martha's Vineyard Regional High,07000505,160,121,75.6,0,51.2,10.7,38,9.1,9.1,9.1
Martha's Vineyard Charter - Martha's Vineyard Charter School,04660550,10,,,,,,,,,
Masconomet - Masconomet Regional High School,07050505,316,287,90.8,0,47.4,11.5,41.1,9.8,5.6,15
Mashpee - Mashpee High,01720505,104,72,69.2,0,31.9,30.6,37.5,29.2,11.1,13.9
Massachusetts Virtual Academy at Greenfield Commonwealth Virtual District - Massachusetts Virtual Academy at Greenfield Commonwealth Virtual School,39010900,11,,,,,,,,,
Maynard - Maynard High,01740505,72,55,76.4,0,29.1,21.8,49.1,21.8,12.7,14.5
Medfield - Medfield Senior High,01750505,199,188,94.5,0.5,56.9,4.3,38.3,3.7,5.3,8
Medford - Curtis-Tufts,01760510,4,,,,,,,,,
Medford - Medford High,01760505,253,207,81.8,0,29.5,29,41.5,29,15.9,17.9
Medford - Medford Vocational Technical High,01760605,39,13,33.3,0,7.7,92.3,0,92.3,0,0
Medway - Medway High,01770505,180,158,87.8,0,39.9,7,53.2,6.3,10.8,20.9
Melrose - Melrose High,01780505,219,185,84.5,0.5,34.6,16.8,48.1,16.2,13,23.8
Mendon-Upton - Nipmuc Regional High,07100510,162,137,84.6,0,45.3,7.3,47.4,5.8,16.8,19
Methuen - Methuen High,01810505,418,325,77.8,0,23.7,48.6,27.7,46.5,6.2,15.4
Middleborough - Middleborough High,01820505,173,126,72.8,0,30.2,37.3,32.5,36.5,13.5,11.9
Milford - Milford High,01850505,260,201,77.3,0,28.4,16.9,54.7,14.9,26.4,15.4
Millbury - Millbury Junior/Senior High,01860505,130,98,75.4,0,27.6,24.5,48,23.5,32.7,12.2
Millis - Millis High School,01870505,93,82,88.2,0,50,7.3,42.7,7.3,13.4,15.9
Milton - Milton High,01890505,224,200,89.3,0,45.5,12.5,42,11.5,6,21.5
Minuteman Regional Vocational Technical - Minuteman Regional High,08300605,163,94,57.7,0,28.7,43.6,27.7,42.6,6.4,14.9
Mohawk Trail - Mohawk Trail Regional High,07170505,82,65,79.3,0,40,33.8,26.2,33.8,13.8,3.1
Monomoy Regional School District - Monomoy Regional High School,07120515,85,65,76.5,0,41.5,33.8,24.6,32.3,7.7,4.6
Monson - Monson Innovation High School,01910505,76,62,81.6,0,30.6,41.9,27.4,33.9,12.9,8.1
Montachusett Regional Vocational Technical - Montachusett Regional Vocational Technical,08320605,316,170,53.8,0,17.1,48.8,34.1,47.6,26.5,2.9
Mount Greylock - Mt Greylock Regional High,07150505,86,73,84.9,0,53.4,16.4,30.1,16.4,8.2,6.8
Mystic Valley Regional Charter - Mystic Valley Regional Charter School,04700105,96,86,89.6,0,44.2,9.3,46.5,9.3,23.3,18.6
Nantucket - Nantucket High,01970505,99,72,72.7,0,66.7,6.9,26.4,4.2,8.3,11.1
Narragansett - Narragansett Regional High,07200505,91,60,65.9,0,13.3,40,46.7,38.3,23.3,8.3
Nashoba - Nashoba Regional,07250505,249,224,90,0.4,41.5,11.2,46.9,11.2,8.9,17
Nashoba Valley Regional Vocational Technical - Nashoba Valley Technical High School,08520605,162,91,56.2,0,15.4,50.5,34.1,49.5,22,9.9
Natick - Natick High,01980505,339,290,85.5,0,48.3,12.4,39.3,12.1,10.3,15.2
Nauset - Nauset Regional High,06600505,250,194,77.6,0,42.3,29.9,27.8,27.8,4.1,7.7
Needham - Needham High,01990505,379,345,91,0,52.8,4.6,42.6,4.1,2.6,16.8
New Bedford - New Bedford High,02010505,320,203,63.4,1,20.7,44.3,34,43.3,10.8,19.7
New Bedford - Trinity Day Academy,02010510,6,,,,,,,,,
New Bedford - Whaling City Junior/Senior High School,02010515,5,,,,,,,,,
New Liberty Charter School of Salem (District) - New Liberty Charter School of Salem,04670505,5,,,,,,,,,
Newburyport - Newburyport High,02040505,187,159,85,0,40.9,8.8,50.3,7.5,6.3,20.1
Newton - Newton North High,02070505,449,385,85.7,0,58.2,9.4,32.5,8.8,3.1,14.5
Newton - Newton South High,02070510,429,361,84.1,0.3,60.1,5.3,34.3,5,1.4,16.1
Norfolk County Agricultural - Norfolk County Agricultural,09150705,106,85,80.2,0,30.6,27.1,42.4,25.9,10.6,9.4
North Adams - Drury High,02090505,98,49,50,2,22.4,32.7,42.9,30.6,22.4,6.1
North Andover - North Andover High,02110505,363,325,89.5,0,30.5,16.6,52.9,16.3,7.4,26.2
North Attleborough - North Attleboro High,02120505,300,263,87.7,0.4,31.2,19,49.4,16,20.5,15.2
North Brookfield - North Brookfield Elementary,02150015,2,,,,,,,,,
North Brookfield - North Brookfield High,02150505,28,20,71.4,0,40,45,15,45,15,0
North Middlesex - North Middlesex Regional,07350505,220,185,84.1,0,25.4,18.9,55.7,14.6,21.6,24.9
North Reading - North Reading High,02170505,175,142,81.1,0,40.1,9.2,50.7,9.2,20.4,14.8
Northampton - Northampton High,02100505,218,188,86.2,0,51.1,21.3,27.7,20.2,5.3,12.8
Northampton-Smith Vocational Agricultural - Smith Vocational and Agricultural High,04060705,85,35,41.2,0,25.7,60,14.3,60,8.6,0
Northboro-Southboro - Algonquin Regional High,07300505,349,325,93.1,0,46.5,2.8,50.8,2.8,10.8,16
Northbridge - Northbridge High,02140505,170,98,57.6,0,29.6,28.6,41.8,27.6,20.4,11.2
Northeast Metropolitan Regional Vocational Technical - Northeast Metro Regional Vocational,08530605,298,142,47.7,0,18.3,59.2,22.5,57.7,14.1,7.7
Northern Berkshire Regional Vocational Technical - Charles McCann Vocational Technical,08510605,115,49,42.6,0,18.4,40.8,40.8,36.7,34.7,2
Norton - Norton High,02180505,153,123,80.4,0,23.6,21.1,55.3,20.3,25.2,15.4
Norwell - Norwell High,02190505,169,152,89.9,0,49.3,7.9,42.8,7.9,7.2,18.4
Norwood - Norwood High,02200505,263,218,82.9,0,39,17.9,43.1,16.5,16.5,16.5
Old Colony Regional Vocational Technical - Old Colony Regional Vocational Technical,08550605,142,66,46.5,1.5,25.8,56.1,16.7,53,7.6,7.6
Old Rochester - Old Rochester Regional High,07400505,181,157,86.7,0,33.8,18.5,47.8,17.2,15.3,22.3
Oxford - Oxford High,02260505,111,85,76.6,0,37.6,32.9,29.4,31.8,23.5,2.4
Oxford - Project C.O.F.F.E.E.,02260305,4,,,,,,,,,
Palmer - Palmer High,02270505,74,57,77,0,38.6,40.4,21.1,40.4,12.3,7
Pathfinder Regional Vocational Technical - Pathfinder Vocational Technical,08600605,126,51,40.5,0,13.7,78.4,7.8,74.5,3.9,0
Peabody - Peabody Veterans Memorial High,02290510,436,331,75.9,0.3,30.5,24.2,45,24.2,22.7,14.2
Pembroke - Pembroke High School,02310505,246,187,76,0,40.6,11.8,47.6,10.7,17.6,18.7
Pentucket - Pentucket Regional Sr High,07450505,195,163,83.6,0,33.1,32.5,34.4,32.5,6.7,9.2
Phoenix Charter Academy - Phoenix Charter Academy,04930505,14,,,,,,,,,
Pioneer Charter School of Science - Pioneer Charter School of Science,04940205,54,49,90.7,0,28.6,22.4,49,22.4,12.2,36.7
Pioneer Valley - Pioneer Valley Regional,07500505,79,55,69.6,0,27.3,40,32.7,36.4,5.5,9.1
Pioneer Valley Performing Arts Charter Public - Pioneer Valley Performing Arts Charter Public School,04790505,55,48,87.3,0,45.8,25,29.2,25,8.3,10.4
Pittsfield - Pittsfield High,02360505,204,143,70.1,1.4,28.7,42.7,27.3,42,12.6,9.1
Pittsfield - Taconic High,02360510,191,139,72.8,3.6,23,57.6,15.8,57.6,8.6,5
Plymouth - Plymouth North High,02390505,251,187,74.5,0,40.6,20.9,38.5,19.8,13.9,12.8
Plymouth - Plymouth South High,02390515,296,186,62.8,0.5,28,26.9,44.6,25.8,16.7,17.7
Prospect Hill Academy Charter - Prospect Hill Academy Charter School,04870550,70,64,91.4,0,53.1,12.5,34.4,12.5,17.2,15.6
Quabbin - IB School of Quabbin,07530515,10,,,,,,,,,
Quabbin - Quabbin Regional High School,07530505,173,133,76.9,0,26.3,33.8,39.8,33.1,15.8,6.8
Quaboag Regional - Quaboag Regional High,07780505,77,49,63.6,0,36.7,24.5,38.8,24.5,18.4,16.3
Quincy - North Quincy High,02430510,302,240,79.5,0,39.6,16.7,43.8,15.4,9.6,29.6
Quincy - Quincy High,02430505,383,270,70.5,0,33,20,47,18.9,15.2,25.9
Ralph C Mahar - Pathways Early College Innovation School,07550515,13,,,,,,,,,
Ralph C Mahar - Ralph C Mahar Regional,07550505,101,71,70.3,0,21.1,49.3,29.6,47.9,15.5,9.9
Ralph C Mahar - The Gateway to College,07550525,19,19,100,0,5.3,63.2,31.6,63.2,26.3,0
Randolph - Randolph High,02440505,176,131,74.4,0,32.8,38.2,29,36.6,6.9,21.4
Reading - Reading Memorial High,02460505,290,266,91.7,0,45.9,10.5,43.6,10.5,7.9,17.3
Revere - Revere High,02480505,342,236,69,0,33.9,28.8,37.3,28.4,7.6,28
Revere - Seacoast School,02480520,24,7,29.2,0,14.3,85.7,0,85.7,0,0
Rising Tide Charter Public - Rising Tide Charter Public School,04830305,34,30,88.2,0,26.7,16.7,56.7,16.7,20,26.7
Rockland - Rockland Senior High,02510505,124,89,71.8,1.1,27,21.3,50.6,19.1,25.8,18
Rockport - Rockport High,02520510,79,67,84.8,0,40.3,22.4,37.3,17.9,14.9,14.9
Sabis International Charter - Sabis International Charter School,04410505,109,99,90.8,0,20.2,44.4,35.4,44.4,15.2,15.2
Salem - Salem High,02580505,273,190,69.6,0.5,17.4,33.7,48.4,32.6,31.1,11.1
Salem - Salem Prep High School,02580515,12,,,,,,,,,
Salem Academy Charter - Salem Academy Charter School,04850485,32,28,87.5,0,21.4,10.7,67.9,10.7,50,17.9
Sandwich - Sandwich High,02610505,207,174,84.1,0,41.4,19,39.7,19,12.1,15.5
Saugus - Saugus High,02620505,162,137,84.6,0,29.9,24.8,45.3,24.1,23.4,10.9
Scituate - Scituate High School,02640505,205,185,90.2,0,49.7,4.3,45.9,3.8,10.8,13.5
Seekonk - Seekonk High,02650505,137,117,85.4,0,40.2,17.9,41.9,12,6,18.8
Sharon - Sharon High,02660505,246,214,87,0,48.6,5.1,46.3,4.7,5.6,15.4
Shawsheen Valley Regional Vocational Technical - Shawsheen Valley Vocational Technical High School,08710605,338,187,55.3,0,27.8,39,33.2,37.4,15,12.3
Shrewsbury - Shrewsbury Sr High,02710505,413,386,93.5,0.3,46.1,11.7,42,11.4,12.4,17.4
Silver Lake - Silver Lake Regional High,07600505,276,208,75.4,0,35.1,17.3,47.6,16.8,20.7,13.9
Somerset Berkley Regional School District - Somerset Berkley Regional High School,07630505,215,186,86.5,0,18.8,33.9,47.3,33.3,18.8,18.8
Somerville - Full Circle High School,02740510,10,,,,,,,,,
Somerville - Somerville High,02740505,279,203,72.8,0,36.9,35.5,27.6,35,7.9,19.2
South Hadley - South Hadley High,02780505,139,111,79.9,0,30.6,38.7,30.6,37.8,9.9,14.4
South Middlesex Regional Vocational Technical - Joseph P Keefe Technical High School,08290605,137,60,43.8,0,30,51.7,18.3,51.7,13.3,3.3
South Shore Charter Public - South Shore Charter Public School,04880550,44,35,79.5,0,31.4,42.9,25.7,42.9,8.6,17.1
South Shore Regional Vocational Technical - So Shore Vocational Technical High,08730605,131,56,42.7,0,23.2,51.8,25,51.8,16.1,7.1
Southbridge - Southbridge Middle/High School,02770415,82,53,64.6,0,17,58.5,24.5,52.8,18.9,5.7
Southeastern Regional Vocational Technical - Southeastern Regional Vocational Technical,08720605,294,164,55.8,0,22,44.5,33.5,43.9,19.5,9.1
Southern Berkshire - Mt Everett Regional,07650505,57,41,71.9,0,53.7,24.4,22,24.4,2.4,4.9
Southern Worcester County Regional Vocational Technical - Bay Path Regional Vocational Technical High School,08760605,260,110,42.3,0.9,33.6,45.5,20,42.7,14.5,4.5
Southwick-Tolland-Granville Regional School District - Southwick-Tolland Regional High,07660505,118,96,81.4,0,28.1,39.6,32.3,36.5,15.6,10.4
Spencer-E Brookfield - David Prouty High,07670505,96,66,68.8,0,24.2,28.8,47,27.3,31.8,12.1
Springfield - Early College High School,02810565,21,17,81,0,0,100,0,88.2,0,0
Springfield - Gateway to College at Holyoke Community College,02810575,13,,,,,,,,,
Springfield - Gateway to College at Springfield Technical Community College,02810580,14,,,,,,,,,
Springfield - High School Of Commerce,02810510,171,97,56.7,0,15.5,73.2,11.3,69.1,10.3,1
Springfield - Liberty  Preparatory Academy,02810560,4,,,,,,,,,
Springfield - Roger L. Putnam Vocational Technical Academy,02810620,281,164,58.4,0,17.7,66.5,15.9,64,11.6,2.4
Springfield - Springfield Central High,02810500,435,328,75.4,0,19.8,63.1,17.1,62.5,10.1,5.2
Springfield - Springfield High School,02810570,17,10,58.8,0,0,100,0,100,0,0
Springfield - Springfield High School of Science and Technology,02810530,258,140,54.3,0,12.9,76.4,10.7,73.6,4.3,3.6
Springfield - Springfield Public Day High School,02810550,7,,,,,,,,,
Springfield - The Springfield Renaissance School an Expeditionary Learning School,02810205,90,76,84.4,0,22.4,48.7,28.9,44.7,22.4,3.9
Stoneham - Stoneham High,02840505,160,141,88.1,0.7,38.3,17,44,17,7.8,22
Stoughton - Stoughton High,02850505,219,184,84,0,34.8,29.3,35.9,28.3,16.3,13
Sturgis Charter Public - Sturgis Charter Public School,04890505,209,187,89.5,0,42.2,16,41.7,16,11.8,21.4
Sutton - Sutton High School,02900510,106,92,86.8,0,42.4,7.6,50,7.6,18.5,12
Swampscott - Swampscott High,02910505,149,135,90.6,0,51.9,11.1,37,11.1,11.9,11.1
Swansea - Joseph Case High,02920505,138,100,72.5,0,18,41,41,39,11,25
TEC Connections Academy Commonwealth Virtual School District - TEC Connections Academy Commonwealth Virtual School,39020900,13,,,,,,,,,
Tantasqua - Tantasqua Regional Sr High,07700505,183,153,83.6,0,34,27.5,38.6,26.8,15.7,11.1
Tantasqua - Tantasqua Regional Vocational,07700605,84,42,50,0,16.7,54.8,28.6,47.6,21.4,4.8
Taunton - Taunton Alternative High School,02930525,58,11,19,0,18.2,72.7,9.1,72.7,0,9.1
Taunton - Taunton High,02930505,342,247,72.2,0.4,26.3,29.1,44.1,28.7,19,17.8
Tewksbury - Tewksbury Memorial High,02950505,224,174,77.7,0,35.6,20.1,44.3,19,13.2,20.1
The Sizer School: A North Central Charter Essential (District) - The Sizer School: A North Central Charter Essential School,04740505,38,24,63.2,0,25,33.3,41.7,33.3,16.7,20.8
Tri County Regional Vocational Technical - Tri County Regional Vocational Technical,08780605,238,139,58.4,0.7,31.7,31.7,36,25.9,18.7,13.7
Triton - Triton Regional High School,07730505,175,144,82.3,0.7,23.6,20.8,54.9,20.1,11.1,11.8
Tyngsborough - Tyngsborough High School,03010505,135,112,83,0,25.9,28.6,45.5,25.9,8,22.3
Upper Cape Cod Regional Vocational Technical - Upper Cape Cod Vocational Technical,08790605,148,92,62.2,0,29.3,45.7,25,45.7,9.8,12
Uxbridge - Uxbridge High,03040505,96,70,72.9,0,32.9,24.3,42.9,20,22.9,14.3
Wachusett - Wachusett Regional High,07750505,486,411,84.6,0,36.5,23.6,39.9,23.4,19,11.7
Wakefield - Wakefield Memorial High,03050505,257,225,87.5,0,39.1,14.7,46.2,14.2,18.2,16
Walpole - Walpole High,03070505,290,256,88.3,0,41.8,10.9,47.3,10.9,19.1,11.7
Waltham - Waltham Sr High,03080505,292,217,74.3,0,27.6,29.5,42.9,29,17.1,19.4
Ware - Ware Junior/Senior High School,03090505,48,28,58.3,0,39.3,25,35.7,25,17.9,10.7
Wareham - Wareham Cooperative Junior/Senior High School,03100315,31,4,12.9,0,0,100,0,75,0,0
Wareham - Wareham Senior High,03100505,114,87,76.3,0,27.6,31,41.4,29.9,25.3,11.5
Watertown - Watertown High,03140505,180,154,85.6,0,45.5,19.5,35.1,18.2,5.8,22.7
Wayland - Wayland High School,03150505,206,180,87.4,0,53.9,5,41.1,4.4,3.3,13.3
Webster - Bartlett Jr Sr High School,03160505,91,64,70.3,0,26.6,29.7,43.8,29.7,32.8,7.8
Wellesley - Wellesley Sr High,03170505,324,278,85.8,0,67.3,5,27.7,5,0.4,9.4
West Boylston - West Boylston Junior/Senior High,03220505,65,60,92.3,0,35,25,40,23.3,18.3,13.3
West Bridgewater - West Bridgewater Junior/Senior,03230505,99,86,86.9,0,31.4,18.6,50,18.6,29.1,14
West Springfield - 21st Century Skills Academy,03320515,12,,,,,,,,,
West Springfield - West Springfield High,03320505,235,165,70.2,0,23,51.5,25.5,49.1,13.3,6.7
Westborough - Westborough High,03210505,290,248,85.5,0,43.1,10.9,46,8.5,8.9,16.9
Westfield - Westfield High,03250505,340,262,77.1,0,29,37.4,33.6,36.6,18.7,7.3
Westfield - Westfield Vocational Technical High,03250605,107,50,46.7,0,8,88,4,86,4,0
Westford - Westford Academy,03260505,409,372,91,0,40.6,11.3,48.1,10.8,8.1,16.7
Weston - Weston High,03300505,172,141,82,0,58.2,8.5,33.3,7.8,0.7,7.8
Westport - Westport High,03310505,83,57,68.7,0,22.8,43.9,33.3,43.9,5.3,22.8
Westwood - Westwood High,03350505,247,217,87.9,0,57.6,2.8,39.6,2.3,7.8,16.6
Weymouth - Weymouth High School,03360505,461,289,62.7,1,28.7,28.4,41.9,27,18,15.9
Whitman-Hanson - Whitman Hanson Regional,07800505,267,204,76.4,0,26.5,29.9,43.6,29.9,25.5,9.3
Whittier Regional Vocational Technical - Whittier Regional Vocational,08850605,292,201,68.8,0,21.9,49.8,28.4,48.3,10,10.9
Wilmington - Wilmington High,03420505,244,212,86.9,0.9,41,17,41,17,8.5,17.5
Winchendon - Murdock High School,03430515,66,45,68.2,0,17.8,55.6,26.7,55.6,26.7,0
Winchester - Winchester High School,03440505,264,231,87.5,0,63.6,4.3,32,4.3,3,13.9
Winthrop - Winthrop Sr High,03460505,115,93,80.9,0,43,15.1,41.9,14,18.3,11.8
Woburn - Woburn High,03470505,300,229,76.3,0,34.9,24.9,40.2,24.5,15.3,17.9
Worcester - Burncoat Senior High,03480503,218,149,68.3,0,15.4,48.3,36.2,47,18.8,14.8
Worcester - Claremont Academy,03480350,54,32,59.3,0,28.1,53.1,18.8,50,18.8,0
Worcester - Doherty Memorial High,03480512,303,228,75.2,0,20.2,32.5,47.4,31.1,23.7,19.7
Worcester - North High,03480515,281,153,54.4,0,11.8,63.4,24.8,62.7,16.3,5.9
Worcester - South High Community,03480520,274,166,60.6,0,14.5,49.4,36.1,45.8,20.5,14.5
Worcester - University Pk Campus School,03480285,29,21,72.4,0,52.4,23.8,23.8,23.8,9.5,9.5
Worcester - Worcester Technical High,03480605,338,227,67.2,0,20.3,52,27.8,51.1,22.5,4
